,avg_entity_similarity,siamese_similarity,fused_similarity
count,2.0,2.0,2.0
mean,0.0,0.1306191086769104,0.07837146520614624
std,0.0,0.18472331499597192,0.11083398899758315
min,0.0,0.0,0.0
25%,0.0,0.0653095543384552,0.03918573260307312
50%,0.0,0.1306191086769104,0.07837146520614624
75%,0.0,0.1959286630153656,0.11755719780921936
max,0.0,0.2612382173538208,0.15674293041229248
